Fold,Pearson
1,"(0.20631804201139617, 0.06811482591995115)"
2,"(0.22158576501973246, 0.04969542726361416)"
3,"(0.054134093300906745, 0.6378365439330154)"
4,"(0.18055600043217185, 0.11366932281146147)"
5,"(-0.03067447773958444, 0.7897782988127588)"
