Fold,Pearson
1,"(0.2723151460118038, 0.015187173764321752)"
2,"(0.22158576501973246, 0.04969542726361416)"
3,"(0.09918336533920971, 0.3876130278004125)"
4,"(0.18055600043217182, 0.11366932281146147)"
5,"(-0.030674477739584434, 0.7897782988127588)"
