Fold,Pearson
1,"(0.29745090130205143, 0.0077629793866513174)"
2,"(0.17244628798219264, 0.12858253827256919)"
3,"(0.06399286240925096, 0.5777898561610666)"
4,"(0.23790352120733738, 0.03595821376376408)"
5,"(0.021291360035753326, 0.8532092563395931)"
